<?xml version="1.0" encoding="utf-8"?>
<install type="module" version="1.5.0">
        <name>jDownloads top</name>
        <author>Arno Betz</author>
        <creationDate>July 2010</creationDate>
        <copyright>(C) 2009 by Arno Betz. All rights reserved.</copyright>
        <license>http://www.gnu.org/copyleft/gpl.html GNU/GPL</license>
        <authorEmail>info@jDownloads.com</authorEmail>
        <authorUrl>www.jDownloads.com</authorUrl>
        <version>1.7</version>
        <description>This modul shows you the most recent downloads from the jDownloads component. It is only for jDownloads 1.5.3 and later (Support: www.jDownloads.com)</description>
        <files>
                <filename module="mod_jdownloads_top">mod_jdownloads_top.php</filename>
                <filename>index.html</filename>
        </files>
        <languages>
                 <language tag="en-GB">en-GB.mod_jdownloads_top.ini</language>
                 <language tag="bg-BG">bg-BG.mod_jdownloads_top.ini</language>
        </languages>
        <params>
                <param name="text_before" type="textarea" cols="30" rows="2" default="" label="TEXT_BEFORE_TITLE" description="TEXT_BEFORE_DESC"/>
                <param name="text_after" type="textarea" cols="30" rows="2" default="" label="TEXT_AFTER_TITLE" description="TEXT_AFTER_DESC"/>
                <param name="cat_id" type="text" default="0" label="CAT_ID_TITLE" description="CAT_ID_DESC"/>
                <param name="sum_view" type="text" default="5" label="NO_FILES_TITLE" description="NO_FILES_DESC"/>
                <param name="sum_char" type="text" default="22" label="TITLE_CHAR_LENGTH_TITLE" description="TITLE_CHAR_LENGTH_DESC"/>
                <param name="short_char" type="text" default="..." label="TITLE_REPLACE_CHAR_TITLE" description="TITLE_REPLACE_CHAR_DESC"/>
                <param name="short_version" type="text" default="v" label="CHAR_BEFORE_RELEASE_TITLE" description="CHAR_BEFORE_RELEASE_DESC"/>
                <param name="detail_view" type="radio" label="LINK_TO_DETAIL_TITLE" default="1" description="LINK_TO_DETAIL_DESC">
                        <option value="1">Yes</option>
                        <option value="0">No</option>
                </param>
                <param name="view_date" type="radio" default="0" label="SHOW_DATE_TITLE" description="SHOW_DATE_DESC">
                        <option value="1">Yes</option>
                        <option value="0">No</option>
                </param>
                <param name="date_format" type="text" default="%Y-%m-%d" label="DATE_FORMAT_TITLE" description="DATE_FORMAT_DESC"/>
                <param name="date_alignment" type="list" label="DATE_ALIGN_TITLE" default="left" description="DATE_ALIGN_DESC">
                        <option value="left">left</option>
                        <option value="right">right</option>
                        <option value="center">center</option>
                </param> 
                <param name="alignment" type="list" label="ALIGN_TITLE" default="left" description="ALIGN_DESC">
                        <option value="left">left</option>
                        <option value="right">right</option>
                        <option value="center">center</option>
                </param> 
                <param name="moduleclass_sfx" type="text" default="" label="CLASS_SUFFIX_TITLE" description="CLASS_SUFFIX_DESC"/>
        </params>
</install>
